id,y
1,77.395775
2,92.33126
3,77.37627
4,77.042
5,112.433716
8,94.07147
10,112.202614
11,94.88235
12,116.08354
14,94.88814
15,116.08354
16,105.14379
17,99.66746
19,94.66334
20,104.59139
21,99.66746
22,116.34249
23,99.66746
26,95.51365
28,94.645134
29,99.66746
33,99.66746
35,94.718155
41,95.99229
42,94.41859
43,116.08354
45,104.34099
46,103.74374
51,94.88235
53,81.162476
55,112.759674
56,94.215034
57,104.11516
58,94.94713
59,103.822556
63,112.25587
64,95.02846
65,104.57703
69,94.88814
71,95.842804
72,104.338524
73,94.96145
76,103.822556
77,104.04185
78,115.41541
82,94.96145
83,104.57703
84,94.829834
85,104.04185
87,112.360405
88,95.99229
89,112.68394
91,94.288345
93,94.50974
94,104.04185
95,94.68149
96,112.135605
97,94.07147
98,112.433716
99,94.288345
101,104.284424
103,112.68394
104,94.45613
105,112.25587
110,95.353035
111,112.196915
113,112.34405
114,94.47824
115,112.0962
117,112.68394
120,93.838806
121,112.135605
122,94.07147
123,112.81423
126,112.3046
132,113.13818
135,103.886284
137,104.61644
138,94.96145
140,94.215034
142,111.38993
144,112.433716
148,94.17601
149,112.433716
155,93.99165
156,112.433716
157,94.07147
162,112.433716
163,96.19112
167,94.47824
172,116.08354
179,112.174355
180,94.24704
181,111.957756
182,95.51008
183,112.68394
185,112.68394
187,112.433716
188,94.96145
189,94.88235
191,94.241455
192,112.150276
193,94.949356
194,112.360405
195,94.241455
196,112.500725
198,94.66334
199,112.433716
201,104.54516
204,94.96145
205,104.871315
206,94.820244
210,94.88235
211,104.284424
216,112.433716
219,116.08354
220,94.65268
221,111.957756
226,111.957756
227,94.016655
228,112.433716
230,112.57312
231,94.07147
235,116.34249
236,94.288345
238,112.360405
242,104.11516
243,94.288345
244,79.31626
245,111.91535
247,112.360405
248,94.07147
249,94.41859
250,112.433716
251,94.288345
253,116.34249
254,94.43242
256,94.45989
257,94.17601
258,112.998276
259,94.288345
262,79.53094
266,94.188034
267,112.433716
272,104.04185
273,112.68394
275,94.35158
276,112.91534
279,94.88814
280,104.57703
283,94.21023
285,112.433716
288,112.68394
289,94.76773
290,104.54516
291,94.96145
292,112.32918
293,112.270226
296,94.17601
297,112.360405
298,115.41541
299,94.96145
304,94.314766
305,97.20709
306,94.88235
307,111.957756
311,110.57321
313,111.957756
314,93.79639
316,94.574745
324,94.820244
327,94.45989
329,94.314766
330,112.360405
337,105.12605
338,95.286026
339,104.17139
340,95.02846
343,94.24704
345,116.08354
346,94.266174
347,112.433716
349,111.99092
350,94.160675
352,112.360405
353,94.13113
354,79.38957
357,94.45989
358,112.500725
362,112.276665
364,116.93752
365,105.14379
366,94.66334
367,112.61063
368,94.88814
370,79.118355
373,94.94713
377,94.241455
378,112.270226
382,103.822556
384,112.433716
390,94.68149
392,112.433716
393,114.934395
395,95.10281
396,104.81185
399,79.13326
406,111.957756
408,111.957756
409,94.388985
410,78.89646
412,113.07159
413,94.07147
419,94.68149
420,112.61693
421,94.07147
430,101.462524
434,94.88235
436,95.02846
437,93.91692
438,94.24704
439,112.360405
440,94.288345
443,112.68394
446,94.96145
448,94.32114
452,94.45989
453,104.11516
457,104.17139
458,94.88235
459,113.9242
460,104.04185
462,104.357735
464,104.04185
465,116.08354
467,117.581024
471,112.61063
472,78.89646
473,96.03495
475,94.96145
480,94.48549
488,112.01967
490,111.957756
491,104.284424
492,79.13326
493,94.45989
497,94.27248
498,112.360405
499,94.718155
500,103.74374
501,94.88235
502,112.360405
506,80.90353
510,112.196915
511,94.03324
512,94.314766
516,94.6018
518,94.241455
519,112.433716
521,94.339485
522,112.337234
526,112.500725
529,94.574745
532,112.433716
533,94.32114
536,112.64209
537,101.34461
539,94.96145
540,104.284424
541,94.96145
543,94.88235
546,112.433716
547,94.288345
548,79.64852
551,94.14233
552,104.445526
556,104.11516
557,95.21167
558,112.61063
559,94.96145
560,104.284424
562,105.14379
566,94.88527
570,112.360405
571,93.91692
572,104.57703
573,94.96145
575,116.08354
576,112.08655
577,94.087364
579,94.189125
580,112.135605
581,113.13818
589,111.957756
591,103.93731
593,94.88814
594,103.88151
595,94.88235
598,94.14233
602,112.135605
604,112.433716
606,111.8506
608,94.66334
609,104.284424
610,94.88235
616,112.07994
617,94.8897
618,104.18624
620,104.54095
622,112.786224
623,93.77336
624,142.97957
626,112.57312
628,112.433716
629,94.47824
630,112.57312
637,94.8154
638,104.34599
643,94.74693
645,94.48549
646,118.98145
648,96.05552
652,94.58716
653,93.91692
654,112.360405
656,112.433716
657,94.208115
659,94.82269
660,104.05962
663,94.241455
664,112.360405
666,103.49548
668,112.062294
669,94.38338
671,95.072914
675,94.6018
677,93.990234
678,111.61724
679,103.99833
682,94.88814
685,104.220726
687,94.96145
688,94.24792
693,112.2983
696,94.45989
698,94.420044
701,94.68149
704,103.81705
705,116.29626
709,112.500725
710,94.288345
711,104.59678
712,94.48549
714,112.360405
715,93.78629
716,111.957756
717,94.65268
720,116.08354
721,94.241455
724,103.57375
725,94.96145
726,111.957756
728,112.61063
731,93.838806
734,104.54095
738,94.438
745,112.04594
746,94.314766
751,79.16125
754,94.087685
756,94.51496
758,94.277275
759,111.88606
761,116.34249
766,94.60126
767,112.46156
768,93.77336
769,112.433716
770,94.5588
771,79.13326
772,104.11516
773,94.14233
774,112.062294
776,112.433716
777,94.08847
780,116.08354
782,104.284424
787,103.6392
788,94.96145
792,93.77336
793,113.07159
798,94.045715
800,93.94893
806,111.957756
809,112.135605
811,112.500725
812,93.833015
814,116.08354
816,104.4932
817,94.96145
818,110.54904
820,112.03107
823,94.88235
829,93.891014
830,112.007515
831,93.69426
834,112.135605
839,94.45989
841,79.05995
844,104.284424
845,94.88235
848,94.314766
850,98.597015
851,104.04185
852,94.36753
854,93.900566
855,95.08745
856,103.659996
859,104.04185
861,112.062294
864,93.990234
865,112.062294
866,93.91212
867,94.00858
869,94.48549
871,93.833015
872,111.957756
882,103.6392
883,94.88235
885,94.88814
888,94.45989
893,111.957756
901,111.61724
903,104.284424
904,95.174164
905,104.11516
910,94.48549
911,111.62723
914,112.64209
918,112.360405
921,93.77336
928,94.45989
929,104.51884
932,94.641846
933,104.04185
934,94.48549
935,112.433716
937,79.13326
939,94.96145
940,103.74374
941,94.45989
942,103.74374
943,94.420044
944,104.04185
947,111.957756
949,112.500725
951,112.03107
952,94.96145
953,104.284424
954,79.15277
957,112.433716
959,94.26328
960,115.70171
963,116.08354
965,111.957756
967,104.147415
971,94.45989
972,79.15277
973,94.420044
974,112.433716
975,94.820244
978,118.4758
980,112.360405
981,94.718155
984,112.982346
986,94.48549
988,93.77336
989,112.135605
990,104.01062
992,111.61724
996,93.91692
999,112.433716
1000,94.215034
1001,112.062294
1002,93.77336
1003,112.433716
1004,94.07147
1008,112.135605
1009,94.420044
1010,104.37411
1012,118.35108
1013,94.667244
1014,112.427414
1015,94.23242
1016,116.08354
1019,94.5049
1020,112.360405
1021,94.48549
1022,103.81705
1024,94.48549
1025,79.31626
1027,94.7836
1028,104.11516
1029,94.86947
1030,94.88814
1033,112.433716
1036,93.61621
1037,112.25587
1038,94.016655
1042,94.96145
1043,103.9347
1044,94.39288
1045,112.135605
1047,113.18544
1050,94.88235
1051,111.957756
1054,94.88235
1056,94.718155
1057,94.88235
1059,95.02846
1062,102.1339
1063,103.74374
1064,94.718155
1066,94.14233
1070,103.81705
1076,112.135605
1077,101.05323
1078,112.433716
1080,112.54189
1082,112.22202
1083,94.45989
1089,113.01347
1091,94.45989
1093,94.96145
1097,95.072914
1099,94.47824
1101,94.48549
1103,94.54639
1104,112.062294
1106,112.26392
1109,94.241455
1110,112.360405
1111,94.09639
1112,114.202255
1114,94.88235
1116,94.65268
1117,112.427414
1120,94.81307
1124,112.360405
1125,94.6018
1126,112.500725
1134,112.433716
1137,94.6018
1138,112.062294
1144,112.25587
1145,94.88235
1146,93.79639
1148,94.820244
1150,94.540596
1152,104.284424
1153,94.59003
1154,104.15531
1155,94.96145
1157,94.10655
1162,94.96145
1165,112.433716
1166,94.60818
1167,103.81705
1168,94.7836
1169,104.04185
1171,116.34249
1172,95.21167
1173,104.04185
1174,94.45989
1176,95.82621
1177,104.04185
1178,94.45989
1182,112.433716
1186,94.48549
1187,113.07159
1188,94.41859
1189,116.08354
1191,104.411835
1192,94.96145
1197,112.32918
1198,94.06421
1200,79.15277
1201,94.45989
1203,95.21167
1209,116.08354
1214,104.11516
1218,111.90295
1222,94.740555
1226,94.88814
1228,94.45989
1230,94.19742
1232,79.15277
1233,95.9951
1236,113.18544
1238,94.39784
1241,112.25587
1244,104.14011
1246,94.740555
1247,112.360405
1250,112.500725
1251,94.47824
1254,112.360405
1255,94.288345
1256,112.158554
1257,93.816086
1258,94.34913
1259,112.25587
1260,94.88814
1263,111.957756
1267,79.26375
1268,112.433716
1271,94.96145
1272,111.957756
1274,104.242836
1275,94.96145
1276,111.957756
1277,94.016655
1279,93.79639
1281,94.949356
1282,94.41859
1283,112.135605
1285,112.682106
1286,94.6018
1289,112.433716
1296,112.433716
1299,94.242485
1301,93.91692
1306,94.13692
1307,94.45989
1308,94.241455
1313,111.957756
1314,95.02846
1315,112.360405
1316,94.68854
1317,111.957756
1319,94.314766
1323,94.48549
1324,104.05962
1325,94.38658
1328,103.81705
1329,95.44664
1330,112.062294
1331,94.37768
1332,104.11516
1337,94.59003
1338,112.29496
1339,94.339485
1340,112.1293
1343,112.3046
1347,103.568794
1348,94.45989
1349,104.357735
1352,93.79639
1354,95.82621
1359,112.433716
1360,94.48549
1363,111.957756
1364,94.45989
1365,104.467636
1366,94.88814
1372,94.96145
1375,104.45392
1376,94.88235
1378,94.041374
1379,112.8253
1380,94.48549
1381,104.04185
1384,112.22202
1387,94.242485
1388,112.57312
1392,79.28775
1394,104.24242
1395,94.79847
1396,111.957756
1398,94.88235
1399,111.957756
1400,94.81629
1401,94.511314
1403,94.949356
1404,111.81524
1406,111.957756
1407,94.88235
1408,111.957756
1410,79.26375
1412,111.957756
1413,94.96145
1415,95.02846
1420,111.957756
1422,111.90295
1423,110.55665
1424,111.957756
1425,94.908936
1426,79.26375
1427,95.21167
1429,94.057816
1430,112.360405
1431,95.08745
1432,104.04185
1434,112.427414
1437,94.96145
1438,104.944626
1440,112.500725
1441,112.360405
1442,94.45989
1444,112.360405
1445,95.02846
1446,104.284424
1448,94.10655
1453,94.45613
1454,111.957756
1455,94.96145
1456,112.472244
1458,111.957756
1459,94.314766
1461,94.80904
1465,94.242485
1466,112.433716
1469,94.48549
1472,94.45613
1474,94.88235
1477,112.447136
1479,112.360405
1482,94.54009
1483,78.798996
1487,94.7836
1488,112.360405
1490,112.360405
1492,111.59678
1494,116.08354
1496,104.016556
1497,94.60126
1499,95.21167
1502,93.990234
1507,112.21572
1508,93.79639
1509,112.360405
1511,94.314766
1512,112.427414
1513,114.75251
1514,104.357735
1518,112.360405
1519,94.07147
1522,112.433716
1524,79.15277
1527,94.45989
1529,94.17601
1532,104.51884
1536,112.360405
1537,116.08354
1539,104.79333
1542,112.32918
1543,94.88235
1544,104.357735
1545,79.507225
1550,94.88235
1551,112.26392
1554,105.14379
1556,104.284424
1559,93.816086
1560,79.15277
1562,94.5588
1566,94.07147
1567,112.57312
1569,103.81705
1570,113.92978
1571,112.135605
1574,93.79639
1578,104.284424
1580,93.838806
1583,112.64013
1584,93.79639
1585,112.427414
1586,94.25923
1587,112.433716
1588,93.77336
1590,114.49356
1592,104.01062
1596,111.65588
1598,111.9414
1599,94.88235
1604,116.75075
1606,103.6392
1607,94.96145
1608,103.71251
1609,116.34249
1611,94.88814
1613,94.88814
1616,95.21167
1619,112.394554
1620,93.91212
1621,112.360405
1622,94.39288
1625,111.61724
1627,116.34249
1629,112.51626
1634,94.5588
1636,94.14233
1638,104.11516
1639,94.45989
1641,95.21167
1643,94.88814
1644,104.4254
1645,116.08354
1646,94.88235
1647,105.14379
1648,94.718155
1652,93.838806
1653,112.433716
1656,94.718445
1658,94.88235
1659,112.360405
1661,94.86396
1663,94.96145
1664,112.61063
1665,94.96145
1666,104.284424
1667,103.83016
1668,79.41172
1669,103.93731
1670,94.88814
1672,112.433716
1674,112.427414
1677,112.360405
1678,94.24704
1679,112.27501
1680,94.48403
1683,104.11516
1686,104.512535
1687,111.90295
1689,112.61063
1690,94.314766
1691,116.08354
1692,112.500725
1693,93.79639
1695,94.88235
1696,94.45613
1697,112.360405
1700,104.284424
1701,94.85691
1702,112.433716
1703,94.07147
1704,112.500725
1706,95.02846
1707,112.982346
1708,94.718155
1710,94.8897
1711,104.04185
1713,104.11516
1717,104.04185
1719,104.284424
1720,94.88235
1722,94.96145
1725,104.01062
1726,94.718155
1727,104.23324
1729,112.135605
1730,94.13692
1731,112.692665
1733,104.284424
1734,94.96145
1735,111.90295
1738,94.88814
1742,94.26458
1745,112.427414
1747,94.85691
1749,94.718155
1751,95.069626
1752,79.15277
1753,103.93731
1754,94.88235
1755,94.96145
1756,104.346954
1758,112.427414
1759,94.96145
1760,104.54516
1761,112.64643
1762,94.016655
1763,112.433716
1764,94.08847
1766,94.94713
1768,94.45989
1769,79.221436
1771,112.202614
1772,94.14233
1773,104.04185
1774,94.85691
1775,112.3812
1777,112.433716
1779,94.96145
1780,104.57703
1787,94.07147
1788,94.32114
1790,94.718155
1796,112.57312
1801,94.07147
1803,94.718155
1807,112.360405
1809,112.90104
1812,94.215034
1813,112.360405
1814,94.20229
1815,112.427414
1816,95.22817
1818,94.10655
1820,94.241455
1821,113.18544
1822,94.96145
1825,94.288345
1826,104.04185
1828,94.718155
1831,103.74374
1836,112.40766
1837,94.45989
1841,94.88235
1844,103.8082
1848,94.68149
1851,104.79333
1852,94.45989
1853,94.24704
1854,112.062294
1856,94.8486
1859,113.241295
1860,94.718155
1861,79.31626
1863,104.11516
1865,94.45989
1866,104.45307
1867,94.88814
1868,94.07147
1872,94.45989
1879,94.88814
1880,104.04185
1882,94.45989
1885,104.11516
1887,103.74374
1888,94.759026
1890,112.360405
1894,94.88814
1895,103.93731
1896,94.718155
1897,112.135605
1900,112.433716
1901,93.816086
1902,112.52257
1905,94.306694
1906,111.86175
1912,104.284424
1915,94.718155
1916,104.11516
1917,94.82269
1918,104.04185
1920,79.15277
1923,94.575386
1924,104.11516
1925,94.718155
1930,116.34249
1932,111.957756
1933,94.753235
1934,113.29848
1935,93.816086
1940,79.26375
1941,94.14959
1942,112.360405
1943,94.09621
1944,94.09691
1945,112.04032
1948,116.08354
1949,94.314766
1952,95.44691
1954,93.79639
1955,111.957756
1958,94.79639
1959,79.13326
1960,112.433716
1963,94.96145
1965,94.38658
1968,104.11516
1969,94.45989
1971,94.96145
1972,112.135605
1973,94.07147
1975,94.07147
1977,94.14687
1978,94.992935
1979,112.433716
1981,94.07147
1982,112.427414
1987,112.427414
1988,94.07147
1993,94.76773
1997,94.32114
1999,94.718155
2001,94.88814
2002,113.18544
2003,94.385796
2004,79.80405
2006,112.433716
2007,94.88814
2009,104.59139
2010,94.96145
2013,95.02846
2018,79.13326
2022,104.22862
2024,112.03986
2025,95.02846
2026,104.22862
2030,104.59139
2031,94.88235
2032,104.284424
2033,94.718155
2035,94.13113
2036,112.27074
2037,94.24704
2040,94.88814
2043,113.138596
2044,104.597206
2046,104.18217
2054,112.75206
2055,94.949356
2056,104.57703
2059,94.314766
2060,93.816086
2062,93.99886
2063,112.05407
2066,94.88814
2067,111.90295
2072,95.09318
2073,112.360405
2074,94.45613
2075,113.18596
2076,95.23843
2080,94.57954
2082,93.816086
2085,112.200066
2087,112.61063
2091,112.89374
2092,94.88814
2093,104.57703
2098,95.943306
2101,112.433716
2102,94.10655
2103,79.26375
2105,104.45307
2106,94.96145
2107,113.31507
2110,94.45989
2114,94.65268
2115,112.360405
2117,80.62967
2118,94.718155
2119,104.04185
2120,94.718155
2122,94.540596
2123,112.360405
2126,94.96145
2127,104.11516
2128,94.88235
2129,112.25587
2132,95.43098
2135,104.284424
2138,94.38658
2139,116.34249
2141,111.85573
2142,94.32114
2146,94.88814
2151,112.500725
2157,103.656654
2159,112.500725
2162,94.96145
2164,116.08354
2167,94.978264
2168,112.135605
2171,94.057816
2173,94.96145
2174,104.05962
2175,94.38658
2178,94.96145
2180,94.88814
2185,112.57312
2189,94.312485
2190,111.90295
2192,104.01062
2194,113.810684
2200,112.36339
2201,94.385796
2203,112.433716
2204,94.385796
2205,112.52257
2209,112.23465
2213,104.11516
2214,94.288345
2215,112.500725
2216,94.385796
2218,94.14959
2219,104.3008
2220,94.48549
2222,93.71155
2223,112.433716
2225,112.61063
2226,94.55734
2230,95.1413
2233,112.20106
2234,112.52257
2235,94.385796
2236,79.15277
2237,94.32114
2240,113.9242
2241,94.41606
2248,104.467636
2249,94.88814
2250,112.19042
2252,112.433716
2253,94.49033
2254,112.360405
2256,79.15277
2258,93.88153
2259,112.32918
2262,94.88814
2265,94.96145
2266,104.5487
2269,94.88235
2271,95.08745
2273,94.24704
2274,112.196915
2275,94.385796
2277,94.288345
2279,94.385796
2280,79.15277
2282,94.88814
2283,103.6392
2288,94.07147
2289,112.54726
2291,94.718155
2292,116.34249
2297,94.7836
2298,104.445526
2299,94.229904
2300,113.07159
2301,94.07147
2304,94.949356
2305,104.04185
2306,94.88814
2308,95.23843
2309,113.176315
2311,102.35062
2312,104.54095
2316,104.04185
2321,104.04185
2322,112.433716
2325,104.11516
2326,94.68149
2329,116.34249
2330,94.288345
2331,104.04185
2332,112.20106
2333,94.88814
2334,104.01062
2335,112.158554
2337,112.86282
2338,94.13107
2340,112.20106
2342,94.17601
2345,94.65268
2349,94.96702
2351,79.15277
2352,94.718155
2354,112.25587
2355,116.662056
2357,112.61063
2358,94.65268
2360,95.02846
2361,112.25587
2364,94.45989
2366,95.842804
2369,104.14016
2370,94.79847
2371,112.20106
2373,118.30351
2374,95.52022
2376,112.433716
2378,112.18286
2382,95.08745
2383,94.35158
2386,104.04185
2387,95.13836
2389,94.306694
2390,112.14871
2392,94.241455
2398,112.20106
2399,95.3421
2400,95.09318
2401,112.427414
2402,94.88235
2404,94.18565
2407,112.28903
2408,112.09238
2409,112.32918
2412,81.10732
2413,95.13836
2415,94.32114
2420,111.82817
2422,94.80904
2423,103.6392
2426,94.82269
2432,94.39784
2434,94.13692
2435,94.306694
2436,112.34405
2438,111.99092
2440,112.360405
2443,95.1413
2444,94.314766
2447,104.467636
2450,94.96145
2454,94.40493
2455,112.500725
2459,94.88814
2460,112.427414
2463,94.88235
2465,94.49033
2468,79.26375
2469,94.385796
2474,94.339485
2478,94.278015
2480,94.314766
2481,113.9242
2489,94.88814
2490,104.59139
2492,93.816086
2496,94.88814
2497,112.74106
2500,94.718155
2505,94.88814
2507,94.057816
2508,112.52257
2509,94.8897
2510,79.46379
2513,94.07147
2515,94.88814
2518,94.35158
2519,111.8506
2520,94.35158
2521,112.57508
2523,112.61063
2525,94.19868
2529,112.83403
2530,94.385796
2533,112.449234
2535,94.10655
2538,104.04185
2544,112.755356
2553,112.360405
2556,94.32114
2558,94.83387
2559,117.552666
2560,94.288345
2561,112.427414
2562,94.49033
2563,112.107346
2564,94.13692
2565,112.20106
2567,104.17139
2572,94.80904
2575,94.718155
2576,112.433716
2577,93.9124
2578,94.96145
2579,112.32918
2580,94.13113
2582,112.360405
2583,94.718445
2587,94.32114
2589,112.427414
2590,94.820244
2591,112.83403
2594,94.2553
2597,94.88814
2598,104.284424
2599,94.899345
2600,103.8082
2602,112.376724
2603,94.80904
2604,104.17139
2606,112.41278
2607,79.15277
2608,95.09318
2613,112.52257
2614,94.241455
2615,112.433716
2617,112.3812
2620,94.540596
2623,112.61693
2624,94.88792
2627,112.52257
2629,79.15277
2630,94.23242
2632,94.81196
2636,94.438
2639,94.6487
2640,103.81705
2642,112.83403
2644,104.284424
2646,112.51298
2647,94.438
2649,94.45989
2650,108.87842
2652,104.284424
2653,103.871864
2655,108.95173
2657,112.20106
2659,111.957756
2662,94.35158
2663,113.9242
2664,94.96145
2665,104.179886
2670,94.45989
2671,104.11516
2672,94.8897
2675,104.284424
2677,112.3046
2679,112.32918
2683,112.427414
2684,94.88792
2685,94.288345
2688,103.74374
2689,94.85691
2690,103.788025
2693,94.820244
2694,112.221306
2697,98.47673
2699,94.718155
2703,94.09621
2705,104.04185
2709,79.38957
2710,94.215034
2711,112.135605
2712,95.072914
2713,95.30121
2714,112.68394
2715,94.057816
2717,94.07147
2718,112.739174
2720,112.998276
2721,94.45989
2726,94.85691
2728,93.990234
2731,103.6392
2732,112.25587
2734,94.438
2736,104.284424
2737,94.88814
2738,103.6392
2739,112.500725
2746,94.14959
2749,104.01062
2751,116.08354
2752,104.04185
2753,94.45989
2757,104.59139
2758,94.977104
2759,112.45344
2760,94.820244
2762,112.135605
2764,94.82269
2765,112.157104
2769,112.68394
2771,112.08309
2774,94.65268
2776,94.01035
2777,112.23652
2778,93.816086
2779,112.1293
2782,93.41344
2784,94.47824
2787,94.01361
2789,94.83234
2792,94.88814
2798,95.02846
2799,104.66247
2800,94.45989
2801,80.00964
2802,93.95484
2804,94.370224
2807,104.467636
2808,95.02846
2809,116.946754
2811,115.41541
2812,94.45989
2814,93.77336
2816,94.45989
2817,113.07159
2818,111.794266
2820,112.18056
2821,79.33706
2822,94.5588
2823,104.30612
2824,94.45989
2826,93.943344
2829,93.70236
2834,93.990234
2835,78.53227
2838,95.2204
2839,112.03107
2840,93.80844
2841,112.059425
2842,94.88814
2846,112.202614
2848,94.7836
2849,93.833015
2850,112.68394
2851,94.96145
2853,94.05866
2854,112.83403
2858,112.68381
2861,95.108696
2864,93.816086
2865,113.9242
2866,112.135605
2867,93.833015
2868,112.15986
2870,112.135605
2877,94.820244
2878,112.52257
2880,112.433716
2882,79.25407
2883,95.02846
2884,104.04185
2885,93.990234
2887,94.88814
2888,112.3046
2889,94.66334
2890,104.284424
2891,102.35062
2892,116.08354
2893,94.486786
2898,112.44821
2899,94.53172
2900,112.58813
2901,95.057365
2909,94.7836
2910,112.360405
2911,112.17359
2913,112.03107
2914,96.258125
2918,94.0571
2919,112.500725
2920,94.6018
2921,112.52257
2922,95.48734
2923,103.93731
2925,112.38449
2926,94.13113
2927,113.174286
2929,112.360405
2933,93.93986
2934,112.433716
2936,112.308754
2941,104.60345
2942,94.215034
2943,112.196915
2945,104.11516
2950,94.07147
2951,112.135605
2953,116.64571
2954,94.38658
2955,104.11516
2956,95.21167
2960,95.82621
2962,95.165115
2963,104.86145
2964,104.284424
2966,79.15277
2967,94.65268
2968,112.500725
2969,94.07147
2971,94.10655
2972,94.7836
2974,94.584236
2975,112.68394
2977,116.08354
2980,112.61693
2981,94.6018
2983,94.96145
2984,104.47789
2985,116.34249
2986,104.17139
2987,94.7836
2989,94.718155
2990,112.135605
2991,94.820244
2992,79.221436
2995,98.47673
2996,104.28519
3002,113.12063
3004,112.32918
3005,116.34249
3006,94.66564
3010,95.02846
3011,104.99651
3014,94.13113
3015,94.500404
3016,94.96145
3017,111.98372
3018,94.50393
3021,103.93731
3024,104.284424
3028,94.14959
3030,93.816086
3032,94.45989
3039,94.718155
3040,104.445526
3041,95.27424
3043,94.19742
3044,112.360405
3046,112.32918
3055,94.10655
3056,112.54189
3058,94.24704
3059,112.06332
3061,116.08354
3063,104.11516
3066,94.88814
3067,104.284424
3068,79.15277
3069,94.45989
3072,114.75251
3073,112.433716
3074,94.7836
3077,94.07147
3082,94.69871
3084,98.47673
3085,112.062294
3088,104.284424
3091,94.339485
3092,113.23179
3093,95.37333
3094,103.6392
3096,113.29848
3097,94.13692
3098,79.25407
3102,115.41541
3106,94.6018
3109,93.98283
3111,94.057816
3112,116.34249
3113,94.45989
3115,95.09318
3116,112.202614
3117,94.087685
3121,112.433716
3122,94.314766
3123,94.718155
3124,104.54516
3125,94.96145
3126,103.93731
3127,116.08354
3129,94.4092
3130,112.135605
3132,104.04017
3134,104.5159
3135,94.94713
3137,79.74992
3138,94.820244
3140,94.618385
3144,112.360405
3145,94.96145
3146,112.433716
3147,94.45989
3148,103.810745
3149,104.11516
3150,112.759674
3151,94.02906
3152,94.88814
3155,97.46767
3156,112.68394
3159,94.07147
3161,94.996315
3162,104.11516
3163,95.02846
3165,103.93731
3172,94.540596
3173,112.500725
3176,94.753235
3177,104.04185
3179,112.68394
3183,93.988976
3186,94.718155
3187,104.34099
3189,112.433716
3190,94.992935
3192,116.08354
3193,94.540596
3194,112.692665
3197,94.96145
3198,94.45989
3200,94.55734
3201,116.04317
3202,94.45989
3204,94.88814
3205,94.35158
3206,112.433716
3208,104.04185
3210,103.93731
3211,94.59003
3212,116.08354
3213,94.32114
3214,112.433716
3216,104.284424
3219,94.61391
3220,111.74267
3221,94.45989
3226,108.37748
3227,94.59003
3228,112.159386
3229,94.65268
3232,79.26375
3233,95.44664
3234,94.247826
3236,95.70882
3238,112.83403
3239,112.61063
3240,94.03324
3247,112.360405
3249,104.04185
3252,118.38052
3253,94.96145
3254,104.22862
3255,94.80904
3256,113.62109
3257,94.992935
3262,94.88814
3263,104.284424
3264,95.21167
3266,112.692665
3267,95.34118
3269,94.80904
3272,116.34249
3274,94.96145
3275,103.94541
3277,94.38658
3279,95.14709
3280,104.11516
3283,95.13117
3285,94.88814
3287,94.01859
3288,104.284424
3290,104.2447
3291,94.32114
3298,112.433716
3299,94.45989
3302,113.237785
3303,94.88814
3304,104.115585
3307,94.14959
3309,94.11234
3314,79.15277
3316,112.433716
3317,94.718155
3319,94.740555
3320,112.433716
3321,94.718155
3322,104.11516
3324,94.189125
3326,93.742775
3329,112.32918
3330,94.13692
3331,112.433716
3335,116.08354
3337,94.95515
3338,104.40458
3339,94.82896
3340,112.427414
3341,94.188034
3343,94.47824
3346,94.057816
3348,95.072914
3351,104.284424
3352,116.34249
3355,94.07147
3356,112.64209
3358,104.346954
3359,94.45989
3360,112.588394
3371,112.433716
3372,94.45989
3374,95.21167
3377,112.15986
3378,93.99237
3380,104.04185
3382,94.7836
3386,94.45989
3389,112.360405
3391,104.10886
3393,94.820244
3394,104.11516
3395,95.174164
3397,112.52257
3398,94.857895
3399,79.33706
3400,95.072914
3404,104.04185
3407,112.433716
3409,104.11516
3419,94.38658
3421,94.13041
3425,95.44307
3427,79.76334
3428,116.34249
3429,112.360405
3431,94.10655
3435,94.88235
3436,112.68394
3439,95.2742
3441,95.04371
3442,116.34249
3443,94.88814
3444,103.71251
3445,94.80904
3446,111.75727
3449,93.816086
3453,94.47115
3457,94.45989
3460,104.284424
3461,94.980446
3462,94.45613
3464,104.11516
3465,79.15277
3466,94.8897
3467,104.04185
3468,95.02846
3469,104.357735
3470,103.871864
3472,112.83403
3473,94.13692
3475,94.47824
3476,112.433716
3478,104.11516
3479,95.301865
3483,94.32114
3484,104.04185
3485,94.94713
3487,94.47824
3488,112.500725
3496,112.32918
3497,94.949356
3499,95.08745
3500,79.15277
3501,94.718155
3504,94.8897
3508,104.57703
3511,94.241455
3512,112.29549
3515,94.314766
3517,94.80904
3518,104.85776
3526,112.500725
3528,125.149216
3529,94.38441
3530,112.427414
3531,94.41606
3532,112.15992
3533,94.511314
3534,94.45989
3535,78.89646
3536,94.385796
3537,112.433716
3538,94.32114
3539,112.09238
3540,104.10886
3545,112.57312
3546,94.07147
3550,104.11516
3551,94.186035
3553,94.96145
3554,104.284424
3557,94.32114
3558,112.433716
3559,93.816086
3561,94.370224
3562,112.52257
3563,94.644844
3564,104.284424
3565,94.80904
3567,94.241455
3571,104.284424
3572,94.96145
3574,95.16765
3576,94.45989
3577,112.360405
3578,94.718155
3579,94.45989
3583,94.45989
3585,94.88814
3586,104.04185
3587,112.57312
3593,94.669205
3594,112.21572
3595,94.718155
3599,94.96145
3600,104.357735
3601,112.83403
3602,93.816086
3604,94.38658
3609,116.243744
3610,112.135605
3612,112.912605
3614,112.52257
3615,94.45989
3617,95.48734
3618,112.433716
3619,112.692665
3620,112.433716
3621,94.45989
3625,94.91344
3626,104.14044
3630,104.01062
3631,95.134995
3632,104.487274
3633,94.8897
3634,112.433716
3637,94.247826
3639,94.438
3640,112.500725
3641,94.47824
3644,112.64209
3645,94.45989
3646,94.811775
3647,94.339485
3648,112.52257
3653,112.433716
3654,94.8207
3655,112.433716
3659,103.6392
3660,95.02846
3662,112.32918
3666,94.47824
3668,95.19464
3671,94.51496
3673,94.34275
3674,112.427414
3675,94.438
3681,93.99165
3682,112.433716
3686,112.433716
3687,94.03324
3692,79.05995
3695,112.433716
3696,94.820244
3699,113.241295
3705,113.4206
3707,79.26375
3708,94.82269
3709,112.500725
3710,94.45989
3712,94.88814
3715,112.433716
3716,94.38658
3720,112.500725
3722,79.26375
3726,95.072914
3728,94.13692
3729,112.433716
3731,103.93731
3735,112.3749
3736,94.992935
3739,103.93731
3741,112.360405
3743,104.04185
3744,94.718155
3745,112.433716
3746,94.19868
3751,94.438
3753,94.52213
3760,112.03107
3761,94.992935
3762,112.23951
3763,94.41606
3765,94.438
3768,112.433716
3769,94.45989
3770,104.11516
3773,112.3812
3774,95.21167
3776,94.96145
3778,94.45613
3779,112.559715
3780,94.14959
3781,112.360405
3782,95.2335
3783,112.83403
3784,94.229904
3786,95.072914
3789,112.062294
3790,95.02371
3793,112.202614
3795,112.433716
3797,94.96145
3798,116.34249
3800,112.68394
3804,95.21167
3810,94.88814
3815,112.433716
3816,95.21167
3818,104.217415
3824,112.83403
3828,104.22862
3830,112.433716
3831,94.98476
3832,79.15277
3834,112.433716
3835,94.60955
3836,112.284256
3838,94.88814
3839,116.08354
3840,112.30789
3845,94.438
3846,111.957756
3847,94.80904
3849,79.15277
3853,112.433716
3855,104.57703
3856,94.88814
3864,79.49087
3865,94.8897
3866,112.360405
3867,93.88153
3868,112.68394
3869,95.02846
3871,94.7787
3875,104.15531
3876,94.21023
3878,94.32114
3879,112.360405
3881,112.68394
3883,112.16569
3884,94.18565
3886,112.433716
3890,95.02846
3893,112.46677
3897,104.579185
3901,94.26225
3902,112.433716
3913,112.3046
3914,94.6018
3916,94.21023
3917,112.433716
3924,104.45307
3925,95.10281
3928,95.02846
3929,112.500725
3932,94.47856
3933,104.284424
3934,79.05995
3935,93.816086
3936,94.96145
3937,111.957756
3938,94.10655
3939,112.284256
3943,94.02192
3944,112.83403
3945,112.433716
3946,95.305435
3947,112.433716
3948,94.88792
3949,112.83403
3950,94.45989
3951,112.32918
3952,94.45613
3953,112.500725
3961,113.9242
3962,94.41606
3966,94.45989
3967,104.04185
3968,94.88814
3969,113.07159
3970,95.08745
3971,104.59139
3973,94.045715
3974,112.83403
3975,112.433716
3977,94.99092
3979,112.68394
3985,94.39288
3986,104.30612
3988,112.870834
3991,94.88814
3992,104.96058
3993,94.753235
3994,95.09318
3995,112.433716
4005,112.500725
4007,94.45989
4008,104.04185
4009,95.37333
4010,112.99853
4011,79.08075
4012,94.29691
4013,104.79333
4015,112.66691
4016,112.68394
4018,112.68394
4025,94.96145
4026,112.68394
4028,112.57508
4029,95.21167
4031,94.241455
4032,112.433716
4033,93.94118
4034,104.445526
4037,95.072914
4038,103.93731
4039,94.88235
4041,95.02846
4042,112.25587
4043,94.96145
4044,104.284424
4045,94.40763
4046,113.174286
4047,94.82269
4048,104.597206
4049,94.820244
4051,94.992935
4052,112.86282
4058,104.284424
4062,112.360405
4064,112.27697
4067,94.45989
4068,79.15277
4070,94.18418
4072,115.86944
4074,112.360405
4075,95.03296
4076,112.202614
4077,94.385796
4078,112.68394
4080,104.284424
4082,112.786224
4085,94.80904
4086,113.31507
4088,112.68394
4089,94.682945
4092,79.15277
4094,94.2553
4095,112.433716
4096,94.615845
4097,104.04185
4102,94.19742
4105,111.971466
4107,112.89374
4111,94.31957
4112,104.04185
4113,95.072914
4114,115.56892
4115,94.41702
4116,112.202614
4117,94.88235
4118,95.02846
4119,112.32918
4120,94.511314
4122,79.64852
4125,94.6018
4126,112.433716
4129,112.433716
4134,112.337234
4137,94.669205
4141,104.11516
4142,95.842804
4144,94.88814
4145,104.45307
4146,95.01146
4150,94.45989
4151,79.75256
4154,94.45989
4156,94.992935
4157,112.427414
4159,112.68394
4160,94.992935
4161,112.559715
4168,94.718155
4171,104.11516
4172,104.856155
4173,95.21167
4175,93.795815
4176,104.284424
4177,94.88814
4178,104.04185
4179,94.45989
4181,112.18316
4183,95.21167
4184,112.433716
4185,95.16649
4186,112.500725
4188,118.905716
4190,112.433716
4192,94.241455
4193,112.46677
4194,113.174286
4195,94.78108
4196,79.15277
4202,95.21167
4203,104.04185
4208,95.072914
4209,112.427414
4210,94.30154
4211,112.32918
4212,116.34249
4214,104.11516
4215,94.45989
4216,112.25587
4217,94.314766
4219,95.51365
4222,111.957756
4224,79.31626
4231,104.11516
4232,95.21167
4234,94.02906
4236,94.88814
4237,104.284424
4240,94.45989
4242,104.579185
4243,95.072914
4247,94.6018
4248,112.41106
4249,93.58342
4254,104.01062
4263,94.77261
4265,112.433716
4267,111.728584
4268,112.433716
4271,112.68394
4272,94.45989
4273,112.360405
4274,94.24704
4276,95.36754
4278,94.96145
4280,95.02846
4281,112.433716
4283,94.460014
4284,112.360405
4285,95.10085
4286,112.360405
4287,95.11702
4288,112.95793
4289,93.88153
4290,81.10732
4293,94.61523
4296,111.92391
4297,94.41859
4299,93.816086
4303,113.56776
4310,94.48549
4312,104.11516
4318,104.284424
4320,112.23129
4322,94.13041
4323,117.2021
4325,104.11516
4326,112.433716
4328,104.357735
4330,104.11516
4332,112.135605
4333,94.17601
4335,94.85691
4336,111.24348
4338,104.79333
4341,94.88814
4342,104.357735
4344,104.284424
4347,95.234856
4348,104.284424
4351,109.55457
4352,94.45989
4353,112.68394
4355,104.01062
4356,94.80904
4359,104.99651
4360,94.96145
4361,95.4188
4364,94.76773
4365,104.6881
4368,94.94713
4372,94.718155
4374,94.057816
4376,94.8897
4377,103.788025
4380,94.718155
4383,105.01718
4384,94.96145
4385,103.871864
4389,94.0571
4391,94.370224
4392,112.433716
4393,94.17601
4395,94.266174
4396,112.52257
4398,112.433716
4399,104.57446
4401,94.24704
4406,94.820244
4408,104.11516
4412,104.284424
4415,94.88814
4418,112.433716
4419,94.057816
4420,79.15277
4422,112.83403
4423,94.057816
4425,95.02846
4428,112.71206
4431,112.69527
4434,93.816086
4436,94.45989
4437,112.360405
4439,116.08354
4440,94.667244
4441,112.30789
4444,94.88814
4445,104.11516
4446,94.45989
4447,112.58813
4452,104.04185
4456,112.500725
4457,94.80904
4458,112.25587
4460,94.80904
4461,116.08354
4462,94.5393
4465,104.12827
4466,104.66114
4468,95.353035
4469,104.11516
4472,112.395874
4475,94.753235
4478,94.71616
4479,112.360405
4480,94.45989
4483,79.13326
4484,94.19868
4485,104.11516
4486,95.08745
4488,94.38658
4489,104.11516
4490,94.718155
4491,110.12843
4492,94.96145
4493,109.194305
4494,94.88235
4495,103.93731
4498,79.74992
4499,95.98221
4500,104.9232
4503,112.360405
4505,104.12827
4506,95.14709
4507,94.96145
4508,104.284424
4510,112.433716
4511,94.07147
4513,95.82621
4516,79.15277
4519,94.41859
4521,94.926216
4531,94.6018
4532,79.41172
4533,99.276146
4534,112.360405
4536,104.284424
4537,94.80904
4539,95.2204
4542,103.93731
4545,94.241455
4549,94.81307
4551,94.45989
4554,104.04185
4556,113.04517
4559,112.500725
4561,112.500725
4562,112.270226
4566,112.23951
4569,94.32114
4570,112.52257
4573,94.45989
4574,104.686775
4575,94.88814
4577,94.88235
4578,111.957756
4580,112.270226
4582,94.05614
4583,112.83403
4585,94.718155
4587,104.284424
4595,94.314766
4596,112.55811
4601,94.55734
4602,112.135605
4603,94.718155
4605,112.360405
4606,93.90215
4607,112.39389
4608,94.288345
4610,95.02846
4613,104.04185
4617,94.10025
4618,111.957756
4619,94.241455
4620,94.88814
4622,100.7099
4625,94.80904
4626,104.284424
4627,94.718155
4629,94.0053
4631,94.35158
4633,104.284424
4634,117.40969
4635,94.63179
4639,94.38658
4640,104.85573
4642,104.04185
4644,112.500725
4646,104.284424
4647,94.96145
4648,79.05352
4649,94.32114
4650,112.500725
4655,94.81307
4660,94.288345
4661,113.15732
4662,93.63824
4663,112.66093
4665,94.723526
4666,112.433716
4667,104.445526
4668,95.072914
4670,94.34275
4671,112.12554
4672,94.820244
4673,104.04185
4675,104.718
4676,94.718155
4677,111.486565
4680,95.02846
4682,94.45989
4683,112.52257
4685,104.284424
4686,94.820244
4688,112.83403
4690,112.07994
4692,112.68394
4693,94.241455
4697,94.81307
4700,112.270226
4702,112.270226
4707,116.08354
4708,94.80904
4710,79.05995
4716,101.20678
4717,95.02846
4718,94.88235
4720,95.02846
4721,79.31626
4723,94.88192
4726,112.433716
4727,94.07147
4729,94.63179
4731,95.2335
4732,112.86282
4735,94.6487
4736,104.11516
4737,94.718155
4738,112.196915
4739,112.25587
4744,104.11516
4747,94.88235
4749,112.500725
4750,94.80904
4752,112.83403
4755,94.88814
4756,104.04185
4757,112.3812
4758,95.44664
4759,103.983765
4763,95.02846
4764,104.0883
4765,94.88235
4766,94.35159
4767,112.692665
4769,112.360405
4770,94.283485
4771,79.558754
4772,104.284424
4774,113.174286
4776,112.360405
4777,112.135605
4778,94.38658
4780,94.65268
4784,94.65268
4786,94.94713
4787,79.15277
4788,95.27424
4789,112.83403
4791,104.944626
4792,94.88235
4795,112.427414
4796,94.10655
4803,94.13113
4805,95.21167
4807,94.10612
4809,94.241455
4816,94.370224
4817,79.38957
4818,94.07147
4820,94.88235
4821,104.01062
4823,112.433716
4824,94.438
4825,112.54321
4829,103.871864
4830,95.21167
4831,113.07159
4833,104.357735
4836,94.6018
4837,112.83403
4838,94.13113
4840,94.88792
4841,79.15277
4842,93.99237
4843,112.32918
4844,94.241455
4849,108.95173
4851,104.36235
4852,94.949356
4858,94.13113
4860,95.21167
4863,112.500725
4864,94.69871
4865,112.360405
4867,112.22687
4868,94.241455
4869,112.433716
4873,94.057816
4875,94.88814
4876,113.29848
4877,93.881676
4878,112.25587
4880,79.15277
4886,112.692665
4888,104.11516
4889,95.072914
4890,112.3812
4893,94.96145
4895,94.51643
4896,104.284424
4899,94.02906
4901,94.6487
4902,112.500725
4903,94.385796
4904,112.83403
4910,94.10655
4912,94.241455
4915,95.10281
4916,104.04185
4917,94.31957
4920,104.284424
4927,104.04185
4928,94.14959
4931,104.445526
4934,94.016655
4936,94.88235
4939,113.56776
4942,111.90185
4943,95.21167
4944,103.912735
4945,94.753235
4947,112.25587
4948,94.51023
4951,94.45989
4952,112.83403
4953,93.88153
4956,94.385796
4957,113.07041
4958,94.19742
4960,94.820244
4968,94.350586
4969,104.04017
4971,104.11516
4973,112.86282
4975,112.982346
4976,94.31771
4978,94.241455
4979,112.64209
4982,94.992935
4983,112.03107
4984,97.27057
4985,116.08354
4986,94.13692
4987,113.9242
4988,94.88814
4994,94.229904
4995,95.21167
5002,79.87119
5004,94.584236
5005,103.6392
5006,94.88814
5007,104.388664
5009,112.360405
5011,112.86282
5014,94.38658
5015,103.74374
5018,94.10655
5019,112.61022
5020,94.11795
5021,112.213875
5022,95.36754
5023,94.241455
5025,95.21167
5032,94.314766
5034,94.3655
5036,94.016655
5038,94.58553
5039,112.5936
5046,95.02846
5049,112.61022
5051,94.420044
5052,93.833015
5053,113.174286
5054,95.21167
5055,94.718155
5057,94.80904
5059,94.49033
5062,95.51008
5063,112.433716
5065,112.45395
5069,94.80904
5071,95.82621
5074,112.427414
5075,94.13113
5076,112.94785
5077,79.15277
5079,103.74374
5080,94.7836
5081,112.52257
5083,103.74374
5088,104.357735
5089,94.53751
5093,112.03107
5094,104.11516
5095,94.53751
5099,111.67566
5101,112.57312
5103,103.71251
5104,94.18379
5105,111.9414
5107,94.51496
5108,112.61063
5109,95.07311
5111,94.016655
5112,112.25587
5113,94.88235
5114,111.901955
5115,94.992935
5118,94.2729
5122,95.21167
5123,79.15277
5125,94.949356
5127,103.88808
5128,95.09072
5129,114.453186
5132,94.88814
5134,112.3046
5135,94.45989
5137,112.1463
5142,93.798965
5143,103.74374
5144,94.314766
5148,94.241455
5149,94.584236
5150,104.45307
5154,79.15277
5155,94.55734
5159,94.15754
5164,94.15436
5165,112.912605
5166,93.943344
5167,112.433716
5169,94.13113
5171,94.17601
5172,112.433716
5176,94.88192
5184,111.460266
5185,94.19742
5186,112.68394
5188,104.45307
5189,113.29848
5190,94.18565
5191,112.912605
5193,112.433716
5196,94.718155
5199,78.954865
5200,104.11516
5203,93.833015
5204,112.433716
5205,93.88754
5207,94.80904
5208,109.97138
5212,95.14709
5214,94.66798
5218,94.16235
5220,94.13041
5222,94.07147
5224,95.54469
5225,104.284424
5227,112.441795
5229,104.15531
5232,94.07147
5233,115.77069
5234,104.04185
5237,112.52257
5239,112.87439
5240,94.1027
5241,112.61022
5244,94.016655
5248,112.135605
5251,93.99816
5253,94.80904
5255,94.88814
5256,103.91106
5257,94.753235
5259,95.54469
5260,112.1463
5266,94.45989
5268,94.385796
5275,112.52257
5276,112.135605
5277,94.60818
5279,94.79847
5280,104.15531
5281,95.44664
5283,94.68149
5284,79.26375
5285,95.21167
5286,103.74374
5287,94.25413
5289,94.6018
5290,112.433716
5292,104.71983
5293,94.7836
5294,104.147415
5297,94.314766
5299,104.40219
5302,94.47824
5305,78.622604
5306,94.88814
5308,94.68149
5309,94.438
5310,112.93368
5312,112.360405
5316,112.394554
5317,94.89653
5319,79.15277
5320,95.21167
5323,94.584236
5329,112.500725
5331,112.25587
5334,112.433716
5336,112.433716
5338,104.284424
5341,95.012184
5345,94.96145
5348,94.385796
5349,112.360405
5355,104.115585
5356,94.45989
5360,104.18217
5362,112.66691
5364,112.68394
5366,104.115585
5367,95.21167
5368,95.36397
5370,95.02846
5371,79.15277
5373,104.220726
5375,112.52257
5376,94.13113
5378,112.68394
5379,94.70072
5383,95.09506
5384,103.93731
5389,112.433716
5391,79.15277
5393,112.360405
5395,112.3812
5397,112.360405
5398,94.00357
5399,112.17359
5401,116.03103
5402,94.40493
5403,112.360405
5404,94.41702
5407,79.15277
5408,94.74938
5413,112.02479
5414,94.88235
5417,94.718155
5418,104.71983
5420,112.8253
5421,93.8503
5424,95.1413
5425,112.433716
5426,94.36122
5429,112.64643
5431,95.27417
5437,103.8082
5440,94.1027
5444,104.37411
5446,104.04185
5447,94.14233
5451,94.288345
5452,108.9051
5455,104.04185
5456,94.88814
5458,94.58817
5459,112.32918
5460,94.96145
5462,94.718155
5463,112.00978
5464,94.10655
5465,112.32918
5466,95.82621
5467,104.04185
5468,94.72634
5469,112.66093
5472,94.88235
5474,94.241455
5475,113.20365
5476,95.21167
5479,104.15531
5480,112.86282
5482,112.18316
5485,94.345276
5486,116.34249
5488,79.41756
5495,104.15531
5496,94.70072
5497,112.32918
5499,112.276665
5503,94.314766
5504,94.80904
5507,95.21167
5509,94.41123
5511,94.13692
5512,112.433716
5516,112.52257
5517,95.21167
5518,104.11516
5521,94.96145
5522,104.284424
5527,95.82621
5528,94.229904
5529,113.29848
5532,95.3571
5533,112.56513
5535,104.467636
5536,103.115135
5540,94.50238
5547,94.88235
5548,112.427414
5550,79.01368
5551,94.19868
5554,112.360405
5555,94.07211
5559,112.8456
5560,94.1027
5561,112.692665
5562,94.13113
5563,112.8253
5565,78.892876
5566,94.45989
5567,104.445526
5568,94.52458
5572,94.718155
5574,94.96145
5576,94.288345
5579,112.692665
5580,78.23937
5581,94.644844
5583,94.65268
5584,112.433716
5586,112.433716
5587,94.188034
5589,103.93731
5591,103.8082
5592,94.25413
5593,112.71344
5594,94.7836
5595,79.08384
5596,112.83403
5597,112.500725
5598,116.08354
5599,94.753235
5602,112.529175
5603,94.7836
5605,94.14959
5607,94.2553
5608,112.433716
5609,94.339485
5610,94.41702
5612,94.09708
5613,113.29848
5614,94.438
5616,94.80904
5621,95.072914
5623,94.949356
5628,113.9242
5629,94.759026
5631,95.09182
5633,102.55883
5638,104.11516
5639,94.88814
5640,104.38606
5645,94.288345
5646,79.17133
5649,94.619606
5653,112.25587
5655,112.912605
5656,94.820244
5658,94.96145
5662,116.34249
5663,94.07147
5667,94.644844
5670,94.753235
5671,103.93731
5672,94.88814
5673,103.88151
5674,95.36754
5675,104.01062
5676,94.88814
5679,113.174286
5683,112.25587
5687,94.7836
5688,78.912384
5690,94.68149
5691,112.433716
5692,94.21023
5693,113.709885
5694,94.718155
5697,112.433716
5698,94.29366
5699,112.83403
5704,94.88235
5707,113.174286
5709,104.04185
5710,94.88235
5714,94.288345
5718,94.753235
5721,94.88235
5723,94.65268
5724,112.45395
5725,94.80904
5726,112.537796
5729,95.21167
5730,104.11516
5731,94.88235
5733,78.912384
5736,94.32114
5741,104.04017
5745,112.61022
5747,94.68759
5748,104.338524
5750,112.433716
5751,94.288345
5752,94.88814
5754,94.19868
5755,94.55734
5757,94.55734
5758,116.08354
5760,104.124084
5762,103.88151
5766,112.438675
5768,95.21167
5769,116.243744
5770,94.56939
5771,112.360405
5772,94.21023
5773,112.15992
5774,95.03296
5776,94.17601
5777,112.83403
5778,94.47824
5780,112.5936
5782,94.14959
5783,78.55861
5784,95.21167
5786,94.626076
5788,94.85691
5789,112.68394
5790,94.753235
5791,104.15531
5793,104.52849
5794,94.88235
5796,116.08354
5797,94.88235
5801,94.68149
5803,94.7836
5804,112.062294
5805,94.09708
5806,78.912384
5808,112.427414
5813,94.88235
5815,94.74938
5816,104.248344
5822,94.65268
5823,112.52257
5825,104.04185
5827,112.337234
5829,103.93731
5830,95.012184
5831,112.32918
5832,94.438
5833,112.427414
5837,113.9242
5838,94.32114
5839,94.91654
5842,104.38606
5844,112.360405
5845,103.90309
5846,113.51111
5848,78.912384
5850,112.64643
5851,95.87228
5853,95.21167
5854,104.11516
5858,104.38606
5860,112.360405
5864,104.51884
5866,95.60652
5867,113.174286
5868,94.53045
5869,112.433716
5870,94.65268
5871,112.68394
5874,112.912605
5876,112.202614
5877,94.07147
5878,94.438
5879,112.61022
5880,94.03324
5884,94.25413
5886,112.433716
5890,101.73623
5896,94.753235
5897,103.88151
5898,95.21167
5901,104.11516
5903,113.174286
5906,94.41702
5908,112.86282
5909,93.88153
5910,113.29848
5911,94.88235
5912,112.68394
5914,112.912605
5919,112.86282
5924,94.992935
5926,94.88235
5929,104.217415
5930,94.715706
5932,95.21167
5933,112.692665
5934,94.47824
5935,112.433716
5936,94.5049
5937,112.998276
5938,94.33878
5939,111.90298
5942,112.22687
5943,95.09506
5944,104.17139
5946,112.83403
5951,94.09831
5953,103.898705
5954,94.77043
5957,104.00324
5961,95.1413
5962,104.68141
5964,79.8607
5965,94.85691
5968,112.80069
5969,94.15258
5974,94.30511
5975,112.11495
5978,78.80047
5981,104.00324
5982,94.975945
5983,112.57202
5989,111.34929
5991,94.77043
5992,104.42903
5995,94.908936
5996,103.898705
5997,112.21726
5998,94.32609
5999,79.46369
6001,112.14395
6002,94.12954
6003,112.05393
6004,94.77043
6006,112.57202
6007,94.366325
6011,100.97136
6012,104.00324
6014,94.77043
6015,103.92993
6016,94.71078
6017,112.24849
6018,95.099754
6024,94.77622
6025,104.17251
6026,112.34203
6028,112.461205
6029,78.80047
6030,93.90474
6036,112.80069
6040,94.09708
6041,112.3218
6042,94.32609
6044,94.45747
6045,104.043396
6047,104.17251
6048,94.69712
6049,112.3218
6051,115.97163
6052,112.759674
6053,93.95956
6054,112.38881
6058,104.37536
6059,94.69712
6062,95.099754
6063,115.97163
6064,103.92993
6065,94.09708
6067,94.37842
6068,112.3218
6070,103.898705
6071,101.96224
6072,112.3218
6080,112.3218
6081,94.77043
6084,104.341156
6087,94.44543
6089,104.37411
6092,112.3218
6094,94.037674
6095,112.83403
6097,113.4206
6100,94.12954
6104,104.00324
6105,94.037674
6106,112.24849
6107,79.39713
6108,94.09689
6109,112.3218
6110,94.20285
6114,112.3218
6116,94.41666
6117,104.29992
6118,94.84953
6123,78.80047
6125,113.174286
6128,112.35485
6130,104.00324
6132,112.24849
6137,78.80047
6139,112.692665
6140,94.30511
6141,113.4206
6142,104.17251
6144,112.4514
6145,94.961
6146,94.56163
6149,93.87974
6156,94.8844
6159,112.34203
6160,94.30511
6162,103.92993
6164,112.6435
6165,93.99464
6168,78.80047
6169,112.3155
6170,94.759865
6171,112.38881
6172,93.880455
6173,116.268234
6176,95.099754
6177,93.99811
6178,94.84953
6180,95.18231
6181,104.043396
6182,94.91654
6185,94.463776
6186,112.3218
6188,112.461205
6189,94.62864
6192,104.341156
6193,94.77043
6194,104.043396
6195,94.98894
6196,115.41541
6197,94.037674
6201,112.3218
6202,94.30511
6203,112.3218
6204,94.037674
6207,116.03103
6209,94.88102
6210,93.9459
6211,112.88636
6213,112.3218
6216,93.880455
6217,94.12954
6219,94.09708
6222,78.80047
6223,94.049866
6235,95.099754
6240,94.34798
6242,94.88769
6247,95.25562
6251,112.85825
6254,112.3218
6255,94.961
6260,103.82539
6261,94.77043
6262,104.365974
6264,112.21771
6269,104.00324
6271,104.00367
6275,112.14395
6276,94.32609
6278,95.012184
6279,112.49831
6281,113.58076
6284,94.19453
6286,94.77622
6287,78.80047
6288,94.34798
6292,94.12954
6293,94.037674
6295,94.42245
6298,112.57202
6300,112.14395
6304,104.043396
6308,112.57202
6310,94.744995
6312,112.3218
6320,94.77043
6324,93.7752
6325,112.3218
6330,94.83521
6336,112.127594
6340,104.00367
6341,95.099754
6342,104.015495
6344,94.10312
6345,112.3218
6347,112.3155
6348,94.81387
6349,112.57202
6351,78.80047
6353,112.38881
6354,94.08676
6357,94.77043
6358,104.57619
6360,103.63182
6363,113.9242
6364,93.95956
6368,111.56453
6370,93.352036
6371,93.99293
6377,93.62856
6379,93.99293
6381,93.71238
6382,78.022964
6383,111.537994
6388,111.5443
6390,111.5443
6392,103.04789
6393,94.23468
6395,94.183495
6398,103.04789
6401,78.022964
6402,93.54704
6403,112.40906
6405,93.496376
6406,93.18205
6407,112.056526
6409,103.395004
6411,92.99826
6413,93.930824
6416,103.73922
6417,93.325615
6418,93.548584
6419,115.56499
6420,111.85164
6426,111.86887
6429,93.352036
6430,93.99293
6431,112.40906
6432,94.103516
6434,94.67453
6437,112.023186
6438,94.13904
6439,103.15243
6440,94.05994
6441,94.03637
6442,111.5443
6443,95.13362
6445,93.79817
6448,112.08532
6450,111.43976
6453,94.80387
6455,93.49716
6457,93.5276
6458,111.79452
6461,93.828735
6464,111.5443
6467,93.99293
6469,94.93679
6470,78.10475
6471,93.5276
6473,103.15243
6474,93.99293
6479,93.828735
6481,94.1815
6484,111.5443
6495,93.28659
6496,112.35234
6505,111.529976
6506,94.61305
6508,94.32225
6509,93.50346
6510,103.26589
6512,103.22574
6513,93.99293
6514,111.45463
6515,93.46216
6519,93.96749
6521,93.57047
6523,78.12426
6525,103.49664
6526,94.05233
6528,94.07203
6529,111.77749
6531,103.22574
6533,103.56365
6534,94.20564
6535,112.056526
6536,93.2475
6537,111.6037
6540,93.548584
6541,111.537994
6547,94.23468
6548,111.611305
6551,112.08889
6553,111.529976
6555,103.56365
6556,94.32225
6561,78.022964
6564,93.2475
6565,112.056526
6568,93.79817
6569,111.5443
6573,103.15243
6574,93.828735
6577,111.5443
6579,113.66886
6581,93.37508
6582,112.40906
6585,104.35615
6586,94.13904
6589,103.767456
6590,78.12426
6593,93.59461
6594,111.470985
6595,93.352036
6599,93.109985
6600,93.76326
6601,112.43157
6602,93.18205
6603,112.08532
6604,93.98236
6607,102.85432
6608,102.90247
6609,93.828735
6611,93.37325
6613,111.5443
6614,93.600914
6616,93.71238
6617,111.5443
6618,93.99293
6619,102.8844
6621,103.56365
6627,103.21183
6629,111.470985
6631,78.022964
6634,94.00028
6636,93.99293
6638,93.79817
6639,111.5443
6641,111.74506
6642,93.99872
6651,113.60414
6654,78.186455
6657,94.13904
6663,93.26969
6665,111.172874
6666,93.2965
6668,93.99293
6669,103.56365
6670,93.525665
6671,94.503944
6673,93.930824
6675,93.548584
6676,78.022964
6677,93.57047
6679,93.76326
6680,111.611305
6681,103.26589
6685,103.26589
6688,93.99293
6689,93.352036
6690,111.09858
6692,111.5443
6693,94.103516
6694,93.91962
6698,115.253525
6699,93.02146
6700,111.172874
6701,93.5276
6702,111.5443
6704,93.352036
6707,111.529976
6712,112.08532
6713,93.21328
6715,93.75928
6721,111.537994
6722,93.31957
6723,111.5443
6724,94.334694
6725,115.56499
6731,111.246185
6735,96.69992
6736,93.75928
6737,104.25379
6738,94.30522
6739,103.57822
6741,103.04789
6743,93.352036
6745,93.99293
6747,111.470985
6749,93.43172
6750,103.22574
6751,115.19412
6752,94.23468
6753,111.5443
6755,117.46166
6756,93.100815
6757,103.15243
6759,111.609535
6761,93.63907
6763,93.5276
6764,115.46624
6765,93.12917
6766,111.246185
6768,111.79452
6771,93.352036
6773,94.07653
6774,93.70061
6778,102.99911
6779,94.629944
6781,92.80484
6784,93.75808
6786,92.593254
6787,110.85252
6790,92.23934
6793,102.60832
6795,110.785515
6798,110.785515
6806,102.92109
6807,92.941826
6810,93.160835
6815,110.7206
6816,92.666565
6817,102.46696
6818,93.105034
6819,102.63622
6820,92.941826
6822,92.44444
6823,115.226555
6824,110.77921
6825,92.828224
6828,78.0764
6829,110.77921
6831,110.309555
6832,92.35537
6833,110.712204
6834,92.76882
6836,92.668434
6837,111.32654
6838,92.4545
6840,102.239876
6843,92.12516
6845,92.12516
6846,92.252365
6847,110.712204
6851,110.487404
6852,92.448006
6853,111.53776
6858,94.53412
6861,110.785515
6863,111.67279
6864,78.056404
6865,93.23994
6866,110.98628
6867,93.29893
6868,102.60832
6869,93.105034
6870,110.77921
6874,110.7206
6875,92.96441
6877,111.035736
6878,92.46414
6880,93.234146
6883,110.622025
6884,92.19823
6886,93.2415
6890,93.306946
6893,110.382866
6894,92.368454
6899,111.035736
6900,92.593254
6904,92.68041
6905,110.487404
6906,92.61797
6910,92.32618
6912,102.892746
6913,111.549385
6920,92.34203
6922,92.7898
6923,110.785515
6926,92.74128
6927,110.309555
6928,92.1115
6931,110.60002
6933,92.936035
6936,92.68876
6937,110.98628
6939,111.565445
6941,92.593254
6942,111.15693
6943,92.98534
6944,101.991
6945,93.01514
6946,111.035736
6947,115.226555
6949,102.63622
6951,102.63622
6953,111.26147
6954,92.76882
6955,111.15638
6963,110.793594
6964,92.49257
6966,92.90914
6968,92.20328
6970,102.50711
6972,112.55922
6976,111.137184
6978,110.98628
6981,102.05509
6985,102.46696
6986,92.672935
6987,110.85252
6989,110.85252
6991,115.226555
6993,112.98692
6994,92.5817
6995,111.035736
6996,93.37534
6997,111.264404
6998,78.1339
7001,110.793594
7003,111.14233
7006,93.01514
7008,100.698074
7010,92.12516
7011,92.494125
7012,111.62659
7013,92.15639
7014,110.487404
7017,101.87624
7018,93.234146
7019,92.12516
7023,93.01514
7024,102.63622
7025,92.60593
7026,110.785515
7027,92.79011
7028,113.115074
7030,110.785515
7031,92.23934
7033,110.785515
7036,92.34203
7037,93.31325
7039,93.160835
7044,93.6952
7045,111.32654
7046,95.16977
7049,102.90535
7050,93.68411
7051,102.50711
7054,110.89813
7055,93.148186
7057,92.936035
7060,111.035736
7061,93.56347
7063,92.04606
7064,110.487404
7067,93.234146
7071,92.34203
7074,102.39365
7075,93.17204
7078,111.32654
7079,92.593254
7080,111.6721
7081,93.32248
7082,111.638
7083,92.512474
7085,112.20278
7092,102.63622
7094,92.61807
7100,92.7898
7101,110.397736
7102,110.98628
7104,110.22728
7105,93.56347
7106,93.234146
7107,101.82751
7108,77.800095
7109,92.7898
7110,110.98628
7112,92.85216
7113,102.50711
7114,94.46081
7116,111.297745
7117,93.56347
7118,102.095535
7120,92.77184
7121,102.870636
7123,102.06431
7124,94.10921
7127,107.335785
7131,102.06431
7132,93.105034
7133,92.12516
7134,110.16584
7135,92.593254
7136,110.85252
7137,92.307816
7141,92.7898
7144,102.63622
7147,110.23915
7148,92.95998
7150,91.98085
7151,92.77184
7152,102.06431
7154,92.672935
7156,93.10118
7157,102.095535
7159,115.226555
7161,93.43925
7163,92.81169
7164,102.06399
7167,78.056404
7169,102.572525
7170,92.77184
7173,92.81169
7174,102.168846
7177,110.23915
7178,102.46696
7179,92.81169
7180,78.129715
7181,110.96202
7182,93.00448
7184,93.234146
7185,111.264404
7186,92.340775
7187,114.00744
7188,92.9536
7189,111.91649
7191,102.39365
7193,110.49548
7197,93.7156
7199,94.261246
7200,111.638
7201,92.593254
7204,92.593254
7207,110.785515
7209,111.67279
7210,93.234146
7211,102.76576
7213,92.653336
7214,111.264404
7216,111.264404
7217,93.344734
7220,111.035736
7224,110.785515
7225,92.86311
7226,111.264404
7227,93.301155
7234,111.264404
7236,95.331375
7239,102.39365
7240,92.99664
7242,113.502785
7244,110.712204
7245,92.368454
7247,110.68098
7248,92.45835
7249,115.226555
7250,110.785515
7251,92.34302
7252,111.15638
7253,78.056404
7256,93.069954
7260,92.76882
7261,110.91193
7264,93.23994
7269,110.80575
7270,92.8911
7273,111.035736
7279,92.32712
7281,110.96202
7284,92.68041
7285,110.715805
7286,115.226555
7287,92.593254
7289,93.234146
7292,92.672935
7293,111.32654
7296,94.36379
7297,110.85252
7298,92.094574
7299,111.08307
7301,102.36242
7304,110.712204
7306,116.19612
7308,93.234146
7309,102.22366
7312,92.672935
7313,78.056404
7314,92.84213
7316,93.032265
7319,117.00099
7321,93.96692
7323,93.20871
7324,102.36242
7325,93.301155
7328,102.39365
7330,78.056404
7334,93.301155
7337,111.264404
7338,95.07871
7339,92.74078
7341,92.45835
7342,111.264404
7344,110.74038
7345,110.962425
7347,110.49548
7349,110.96202
7350,92.81169
7353,110.785515
7355,110.85252
7356,93.100105
7357,110.85252
7358,93.20871
7360,92.86174
7363,102.523186
7364,93.23994
7366,93.160835
7368,93.31325
7369,110.68098
7370,92.99693
7373,93.00448
7374,110.68098
7375,93.29355
7377,93.069954
7379,92.240295
7380,115.02562
7382,111.53776
7383,93.00448
7385,93.16444
7386,102.46696
7391,93.86188
7394,110.37351
7396,110.785515
7397,93.17204
7399,93.069954
7400,102.41142
7403,78.056404
7405,110.785515
7408,110.889595
7414,111.400314
7416,102.523186
7417,93.42471
7419,93.000496
7420,110.3752
7421,93.20871
7422,93.23994
7423,102.523186
7425,78.1577
7430,92.67137
7432,93.03939
7433,93.091125
7434,110.382866
7436,110.60002
7437,92.60593
7438,102.46696
7440,102.89696
7441,93.234146
7442,110.85252
7445,110.785515
7446,102.39365
7448,110.785515
7450,102.63622
7451,93.234146
7454,110.712204
7455,92.56683
7457,110.712204
7459,102.39365
7462,92.666565
7464,93.234146
7465,110.41409
7466,92.666565
7467,111.091934
7469,111.31141
7472,92.5817
7473,110.785515
7479,93.301155
7480,102.63622
7484,110.771194
7491,93.234146
7494,102.82969
7495,93.29355
7501,92.53745
7503,93.160835
7504,102.50711
7505,93.22358
7508,110.785515
7509,93.16487
7510,78.056404
7511,110.80575
7515,93.17204
7516,102.8509
7517,94.78546
7518,103.03411
7519,93.234146
7521,93.37265
7522,102.39365
7524,102.45305
7526,102.58042
7527,93.31325
7528,102.23331
7529,93.31325
7534,110.61572
7537,111.15638
7538,93.573975
7540,92.93524
7541,110.785515
7545,110.77921
7551,111.549385
7553,93.234146
7554,102.159996
7555,94.78546
7561,110.785515
7562,93.148186
7564,93.234146
7565,102.94319
7566,93.069954
7567,111.195366
7569,102.28911
7570,93.45461
7571,113.63657
7572,92.75673
7574,102.230156
7578,110.77921
7579,93.00448
7586,92.672935
7587,78.271675
7590,93.234146
7593,110.785515
7594,93.31241
7595,93.069954
7600,92.50139
7601,78.43457
7602,92.76882
7603,111.94074
7604,92.550476
7606,92.6071
7608,111.549385
7613,78.056404
7615,110.712204
7616,110.60002
7617,115.622086
7618,93.31325
7619,102.50711
7622,93.091125
7623,102.36242
7624,93.31325
7625,102.819435
7626,93.234146
7627,102.53799
7628,77.24577
7631,102.642525
7632,102.50711
7633,93.42471
7634,115.87558
7635,92.7898
7636,111.264404
7637,111.264404
7639,92.50139
7640,78.056404
7644,111.638
7645,92.76882
7648,102.33811
7649,94.43169
7650,110.77921
7652,110.41409
7653,92.70093
7655,92.828224
7659,110.712204
7662,93.10991
7664,92.593254
7666,94.1946
7668,92.640144
7669,111.39058
7670,93.45461
7672,94.34189
7673,110.68098
7678,92.307816
7679,78.593666
7680,102.80487
7683,92.42327
7685,115.226555
7688,93.234146
7690,110.60002
7692,93.234146
7693,93.17449
7695,111.264404
7696,93.29355
7698,92.96441
7699,111.264404
7702,92.649315
7703,111.264404
7704,94.78546
7707,110.80575
7713,78.056404
7715,102.39365
7717,110.11858
7718,92.01074
7719,101.80633
7721,110.79126
7722,92.6383
7725,101.72451
7727,101.854706
7730,77.13724
7733,92.12359
7735,101.62848
7740,110.603775
7741,110.124886
7742,92.005936
7744,110.60651
7747,92.174904
7750,77.76955
7752,110.051575
7754,110.49575
7756,102.59699
7757,92.54808
7758,102.468704
7760,102.14424
7761,92.409325
7763,110.408676
7765,92.640526
7767,110.603775
7768,92.94438
7771,92.764084
7773,91.5727
7774,110.96742
7776,101.93587
7779,93.05871
7783,91.49961
7786,102.1237
7787,92.33987
7789,92.57352
7791,92.65262
7793,92.48637
7794,109.891235
7795,92.1473
7799,77.395775
7800,111.971275
7802,93.86294
7805,109.92246
7807,101.62848
7808,92.71202
7811,102.39539
7817,109.293915
7818,101.93738
7819,92.57352
7822,92.16232
7823,109.79598
7825,111.55397
7828,92.352425
7832,92.10819
7833,77.395775
7834,110.37511
7835,92.24461
7837,92.409325
7840,91.46276
7842,92.76209
7843,109.24901
7844,92.57352
7846,92.409325
7850,91.906204
7853,110.64461
7855,110.334175
7858,92.444405
7863,110.051575
7865,110.66591
7866,91.450874
7868,91.43374
7869,109.826775
7871,77.395775
7872,101.73302
7874,101.62848
7877,109.77111
7878,92.10819
7879,109.73711
7881,92.080154
7883,92.32471
7885,101.73302
7886,92.57352
7889,93.173294
7890,102.530525
7891,91.74385
7893,92.57931
7894,101.79711
7896,110.53838
7898,101.70179
7901,91.79395
7902,109.18938
7904,110.124886
7905,93.10997
7906,116.000084
7909,92.57352
7910,101.70179
7913,91.9504
7918,110.97737
7919,91.932625
7923,92.46987
7925,92.11121
7927,91.56907
7930,92.444405
7932,92.57931
7933,92.16941
7935,92.86035
7939,101.908585
7942,91.87682
7943,110.47495
7945,101.86256
7946,92.65262
7948,92.48637
7949,110.124886
7950,92.005936
7951,110.603775
7955,101.434906
7959,92.57931
7960,110.603775
7961,92.15106
7962,101.73302
7964,101.86284
7965,92.95996
7966,110.97737
7967,101.73302
7968,92.65262
7971,101.87334
7974,91.932625
7976,109.65837
7978,110.26429
7982,110.603775
7983,92.57352
7984,101.97559
7986,92.005936
7989,110.124886
7991,109.18938
7992,110.051575
7993,91.50095
7994,110.32565
7995,92.10819
7997,92.69161
7998,101.97559
7999,109.293915
8002,92.61192
8007,92.34385
8009,92.396706
8011,92.34385
8013,92.312416
8015,102.048904
8017,110.18429
8019,113.92045
8023,92.57352
8024,110.92273
8026,110.66948
8027,91.5727
8029,92.47002
8030,110.51085
8031,92.34385
8033,92.96977
8035,92.31162
8036,102.46541
8039,101.80633
8042,91.76264
8044,92.35925
8046,77.46437
8048,110.16163
8049,93.10997
8050,102.36786
8053,92.81916
8054,91.84956
8059,91.84076
8061,92.1473
8062,110.62075
8064,110.69406
8066,101.87334
8067,91.921074
8068,92.523506
8070,92.57086
8071,111.296326
8072,92.352425
8076,91.30581
8080,91.79772
8081,110.528435
8084,101.077225
8087,110.082794
8089,91.78942
8090,113.39061
8091,102.71435
8094,111.47524
8100,91.79772
8101,92.54808
8110,92.57931
8111,109.18938
8112,94.54463
8115,110.98149
8116,92.75088
8118,110.69406
8121,114.29131
8125,109.79598
8127,110.124886
8128,92.352425
8129,109.18938
8131,93.346954
8138,92.65262
8139,101.70179
8140,91.84076
8141,91.5727
8142,110.37053
8143,110.051575
8145,110.66948
8146,91.90134
8148,110.03778
8153,110.124886
8154,92.300606
8155,111.35996
8161,92.57931
8162,110.44384
8163,92.50424
8166,110.051575
8168,110.124886
8170,92.352425
8172,109.18938
8173,91.932625
8176,102.6418
8179,92.500206
8181,92.409325
8182,114.40564
8184,110.37053
8190,102.14424
8191,92.63871
8194,110.082794
8196,111.59702
8198,110.61008
8199,110.64461
8201,110.86364
8202,91.84076
8207,92.95996
8208,109.18938
8211,109.826775
8214,109.73179
8217,92.500206
8218,109.92246
8222,92.57352
8229,102.84187
8231,92.34385
8233,93.471405
8236,93.05871
8238,110.92273
8240,101.49937
8243,102.21966
8246,110.56276
8250,92.32489
8254,92.6383
8256,77.395775
8257,110.23177
8258,92.30349
8260,92.57352
8261,110.50917
8263,111.45792
8264,92.29884
8267,109.93068
8268,92.352425
8271,91.932625
8272,109.18938
8275,92.690125
8276,92.54808
8277,102.26941
8278,113.92045
8279,92.25208
8280,110.02035
8281,92.89247
8282,110.23177
8287,110.93065
8288,91.932625
8289,110.43754
8294,91.82158
8296,91.5727
8299,110.301796
8302,102.29455
8308,110.49575
8314,102.136696
8315,92.17666
8316,110.72995
8317,92.34385
8319,110.471375
8320,91.43374
8321,114.29131
8323,92.500206
8325,92.65262
8326,110.18429
8328,109.18938
8330,111.971275
8331,91.84956
8332,110.55281
8334,92.65262
8338,92.231766
8339,92.76336
8341,91.763664
8345,110.95607
8346,92.409325
8347,101.73302
8349,92.65262
8351,92.57931
8352,110.191895
8353,109.18938
8355,109.888084
8358,109.293915
8359,111.971275
8360,92.34385
8361,110.84826
8363,102.136696
8364,92.47002
8365,93.03858
8366,102.25633
8370,110.37053
8372,92.57931
8376,92.54808
8377,112.10039
8379,110.051575
8380,92.415054
8381,110.471375
8386,91.68354
8388,101.62848
8389,92.94438
8391,110.86364
8394,92.6383
8396,101.80633
8398,101.73302
8400,110.93065
8401,91.39449
8404,91.763664
8407,92.57931
8408,110.85734
8409,109.18938
8410,101.80633
8411,91.54265
8413,91.932625
8414,110.44384
8416,91.88985
